<?xml version="1.0" encoding="UTF-8"?>
<project-private xmlns="http://www.netbeans.org/ns/project-private/1">
    <editor-bookmarks xmlns="http://www.netbeans.org/ns/editor-bookmarks/2" lastBookmarkId="0"/>
    <open-files xmlns="http://www.netbeans.org/ns/projectui-open-files/2">
        <group>
            <file>file:/C:/Users/UR%20PC/Documents/NetBeansProjects/CLINIC_MANAGEMENT_SYSTEM_IN_JAVA_WITH_SOURCE_CODE/Clinic%20%20Management%20System/src/Main/Hospital.java</file>
            <file>file:/C:/Users/UR%20PC/Documents/NetBeansProjects/CLINIC_MANAGEMENT_SYSTEM_IN_JAVA_WITH_SOURCE_CODE/Clinic%20%20Management%20System/src/Main/Doctor.java</file>
            <file>file:/C:/Users/UR%20PC/Documents/NetBeansProjects/CLINIC_MANAGEMENT_SYSTEM_IN_JAVA_WITH_SOURCE_CODE/Clinic%20%20Management%20System/src/Main/Receptionist.java</file>
        </group>
    </open-files>
</project-private>
