<?xml version="1.0" encoding="UTF-8"?>
<project-private xmlns="http://www.netbeans.org/ns/project-private/1">
    <editor-bookmarks xmlns="http://www.netbeans.org/ns/editor-bookmarks/2" lastBookmarkId="0"/>
    <open-files xmlns="http://www.netbeans.org/ns/projectui-open-files/2">
        <group>
            <file>file:/C:/Users/Alain/Documents/group/Project/CLINIC_MANAGEMENT_SYSTEM_IN_JAVA_WITH_SOURCE_CODE/Clinic%20%20Management%20System/src/Receptionists/patientManagement.java</file>
            <file>file:/C:/Users/Alain/Documents/group/Project/CLINIC_MANAGEMENT_SYSTEM_IN_JAVA_WITH_SOURCE_CODE/Clinic%20%20Management%20System/src/Patient/DeletePatient.java</file>
            <file>file:/C:/Users/Alain/Documents/group/Project/CLINIC_MANAGEMENT_SYSTEM_IN_JAVA_WITH_SOURCE_CODE/Clinic%20%20Management%20System/src/Main/Connector.java</file>
            <file>file:/C:/Users/Alain/Documents/group/Project/CLINIC_MANAGEMENT_SYSTEM_IN_JAVA_WITH_SOURCE_CODE/Clinic%20%20Management%20System/src/Receptionists/chooseDoctor.java</file>
            <file>file:/C:/Users/Alain/Documents/group/Project/CLINIC_MANAGEMENT_SYSTEM_IN_JAVA_WITH_SOURCE_CODE/Clinic%20%20Management%20System/src/Receptionists/searchReceptionist.java</file>
            <file>file:/C:/Users/Alain/Documents/group/Project/CLINIC_MANAGEMENT_SYSTEM_IN_JAVA_WITH_SOURCE_CODE/Clinic%20%20Management%20System/src/Doctors/patientDetails.java</file>
            <file>file:/C:/Users/Alain/Documents/group/Project/CLINIC_MANAGEMENT_SYSTEM_IN_JAVA_WITH_SOURCE_CODE/Clinic%20%20Management%20System/src/Main/Admin.java</file>
            <file>file:/C:/Users/Alain/Documents/group/Project/CLINIC_MANAGEMENT_SYSTEM_IN_JAVA_WITH_SOURCE_CODE/Clinic%20%20Management%20System/src/Receptionists/addReceptionist.java</file>
            <file>file:/C:/Users/Alain/Documents/group/Project/CLINIC_MANAGEMENT_SYSTEM_IN_JAVA_WITH_SOURCE_CODE/Clinic%20%20Management%20System/src/Patient/addPatient.java</file>
        </group>
    </open-files>
</project-private>
